{"stats":{"minecraft:killed":{"minecraft:pig":1},"minecraft:used":{"alexsmobs:animal_dictionary":4,"minecraft:dirt":5},"minecraft:mined":{"minecraft:grass_block":4,"minecraft:dirt":1},"minecraft:custom":{"minecraft:jump":124,"minecraft:time_since_rest":11181,"minecraft:damage_dealt":100,"minecraft:leave_game":4,"minecraft:play_time":11181,"minecraft:sprint_one_cm":22398,"minecraft:time_since_death":11181,"minecraft:walk_one_cm":21721,"minecraft:total_world_time":11181,"minecraft:mob_kills":1,"minecraft:fall_one_cm":2090,"minecraft:fly_one_cm":58936},"minecraft:picked_up":{"minecraft:porkchop":3,"minecraft:dirt":5}},"DataVersion":3465}